Concentration,v0,F0,Fmax,R_squared,linear_fraction,Equation,Concentration [ug/mL]
0.3125 ug/mL,1264.5621428571435,2746.9323809523794,9333.98,0.5305764766500418,0.375,v0 = 1264.56 (선형 구간 기울기),0.3125
0.625 ug/mL,1593.1728571428575,3683.647619047619,11184.8,0.4994061453695321,0.375,v0 = 1593.17 (선형 구간 기울기),0.625
1.25 ug/mL,1965.985714285715,4738.761904761902,13812.7,0.4786160880226502,0.375,v0 = 1965.99 (선형 구간 기울기),1.25
2.5 ug/mL,2158.792857142858,4717.114285714281,15121.7,0.527641881342468,0.375,v0 = 2158.79 (선형 구간 기울기),2.5
5.0 ug/mL,2439.707142857143,5201.952380952382,16245.9,0.5398315243133879,0.375,v0 = 2439.71 (선형 구간 기울기),5.0
